Metric.Name,Description,,*Note: further source information in this data dictionary: https://gaftp.epa.gov/epadatacommons/ORD/NHDPlusLandscapeAttributes/StreamCat/Documentation/DataDictionary.html
Index,Index field to aid with data processing,,**Note: this data dictionary produced from one on EPA site here: https://www.epa.gov/national-aquatic-resource-surveys/streamcat-metrics-and-definitions
COMID,NHDPlus Comid,,
VPU,NHDPlus VPU (Vector Processing Unit) Region pulled from previous filename,,
CatAreaSqKm,Area of local NHDPlus catchment (square km),,
WsAreaSqKm,"Watershed area (square km) at NHDPlus stream segment outlet, i.e., at the most downstream location of the vector line segment",,
CatAreaSqKmRp100,Area of local NHDPlus catchments (square km)  within a 100-m buffer of NHD streams.,,
WsAreaSqKmRp100,Watershed area (square km)  within a 100-m buffer of NHD streams,,
CatPctFull,% of the catchment that is covered by the landscape layer.,,
WsPctFull,% of the watershed that is covered by the landscape raster.,,
CatPctFullRp100,% of the riparian buffer within the catchment that is covered by the landscape layer.,,
WsPctFullRp100,% of the riparian buffer within the watershed that is covered by the landscape raster.,,
CanalDensCat,"Density of NHDPlus line features classified as canal, ditch, or pipeline within the catchment (km/ square km)",,
CanalDensWs,"Density of NHDPlus line features classified as canal, ditch, or pipeline within the upstream watershed (km/ square km)",,
ElevCat,Mean catchment elevation (m),,
ElevWs,Mean watershed elevation (m),,
PctUrbHi2006Cat,"% of catchment area classified as developed, high-intensity land use (NLCD 2006 class 24)",,
PctUrbHi2006Ws,"% of watershed area classified as developed, high-intensity land use (NLCD 2006 class 24)",,
PctUrbHi2006CatRp100,"% of catchment area classified as developed, high-intensity land use (NLCD 2006 class 24) within a 100-m buffer of NHD streams",,
PctUrbHi2006WsRp100,"% of watershed area classified as developed, high-intensity land use (NLCD 2006 class 24) within a 100-m buffer of NHD streams",,
PctUrbMd2006Cat,"% of catchment area classified as developed, medium-intensity land use (NLCD 2006 class 23)",,
PctUrbMd2006Ws,"% of watershed area classified as developed, medium-intensity land use (NLCD 2006 class 23)",,
PctUrbMd2006CatRp100,"% of catchment area classified as developed, medium-intensity land use (NLCD 2006 class 23) within a 100-m buffer of NHD streams",,
PctUrbMd2006WsRp100,"% of watershed area classified as developed, medium-intensity land use (NLCD 2006 class 23) within a 100-m buffer of NHD streams",,
PctUrbLo2006Cat,"% of catchment area classified as developed, low-intensity land use (NLCD 2006 class 22)",,
PctUrbLo2006Ws,"% of watershed area classified as developed, low-intensity land use (NLCD 2006 class 22)",,
PctUrbLo2006CatRp100,"% of catchment area classified as developed, low-intensity land use (NLCD 2006 class 22) within a 100-m buffer of NHD streams",,
PctUrbLo2006WsRp100,"% of watershed area classified as developed, low-intensity land use (NLCD 2006 class 22) within a 100-m buffer of NHD streams",,
PctUrbOp2006Cat,"% of catchment area classified as developed, open space land use (NLCD 2006 class 21)",,
PctUrbOp2006Ws,"% of watershed area classified as developed, open space land use (NLCD 2006 class 21)",,
PctUrbOp2006CatRp100,"% of catchment area classified as developed, open space land use (NLCD 2006 class 21) within a 100-m buffer of NHD streams",,
PctUrbOp2006WsRp100,"% of watershed area classified as developed, open space land use (NLCD 2006 class 21) within a 100-m buffer of NHD streams",,
PctCrop2006Cat,% of catchment area classified as crop land use (NLCD 2006 class 82),,
PctCrop2006Ws,% of watershed area classified as crop land use (NLCD 2006 class 82),,
PctCrop2006CatRp100,% of catchment area classified as crop land use (NLCD 2006 class 82) within a 100-m buffer of NHD streams,,
PctCrop2006WsRp100,% of watershed area classified as crop land use (NLCD 2006 class 82) within a 100-m buffer of NHD streams,,
PctHay2006Cat,% of catchment area classified as hay land use (NLCD 2006 class 81),,
PctHay2006Ws,% of watershed area classified as hay land use (NLCD 2006 class 81),,
PctHay2006CatRp100,% of catchment area classified as hay land use (NLCD 2006 class 81) within a 100-m buffer of NHD streams,,
PctHay2006WsRp100,% of watershed area classified as hay land use (NLCD 2006 class 81) within a 100-m buffer of NHD streams,,
PctDecid2006Cat,% of catchment area classified as deciduous forest land cover (NLCD 2006 class 41),,
PctDecid2006Ws,% of watershed area classified as deciduous forest land cover (NLCD 2006 class 41),,
PctDecid2006CatRp100,% of catchment area classified as deciduous forest land cover (NLCD 2006 class 41) within a 100-m buffer of NHD streams,,
PctDecid2006WsRp100,% of watershed area classified as deciduous forest land cover (NLCD 2006 class 41) within a 100-m buffer of NHD streams,,
PctConif2006Cat,% of catchment area classified as evergreen forest land cover (NLCD 2006 class 42),,
PctConif2006Ws,% of watershed area classified as evergreen forest land cover (NLCD 2006 class 42),,
PctConif2006CatRp100,% of catchment area classified as evergreen forest land cover (NLCD 2006 class 42) within a 100-m buffer of NHD streams,,
PctConif2006WsRp100,% of watershed area classified as evergreen forest land cover (NLCD 2006 class 42) within a 100-m buffer of NHD streams,,
PctMxFst2006Cat,% of catchment area classified as mixed deciduous/evergreen forest land cover (NLCD 2006 class 43),,
PctMxFst2006Ws,% of watershed area classified as mixed deciduous/evergreen forest land cover (NLCD 2006 class 43),,
PctMxFst2006CatRp100,% of catchment area classified as mixed deciduous/evergreen forest land cover (NLCD 2006 class 43) within a 100-m buffer of NHD streams,,
PctMxFst2006WsRp100,% of watershed area classified as mixed deciduous/evergreen forest land cover (NLCD 2006 class 43) within a 100-m buffer of NHD streams,,
PctBl2006Cat,% of catchment area classified as barren land cover (NLCD 2006 class 31),,
PctBl2006Ws,% of watershed area classified as barren land cover (NLCD 2006 class 31),,
PctBl2006CatRp100,% of catchment area classified as barren land cover (NLCD 2006 class 31) within a 100-m buffer of NHD streams,,
PctBl2006WsRp100,% of watershed area classified as barren land cover (NLCD 2006 class 31) within a 100-m buffer of NHD streams,,
PctOw2006Cat,% of catchment area classified as open water land cover (NLCD 2006 class 11),,
PctOw2006Ws,% of watershed area classified as open water land cover (NLCD 2006 class 11),,
PctOw2006CatRp100,% of catchment area classified as open water land cover (NLCD 2006 class 11) within a 100-m buffer of NHD streams,,
PctOw2006WsRp100,% of watershed area classified as open water land cover (NLCD 2006 class 11) within a 100-m buffer of NHD streams,,
PctIce2006Cat,% of catchment area classified as ice/snow land cover (NLCD 2006 class 12),,
PctIce2006Ws,% of watershed area classified as ice/snow land cover (NLCD 2006 class 12),,
PctIce2006CatRp100,% of catchment area classified as ice/snow land cover (NLCD 2006 class 12) within a 100-m buffer of NHD streams,,
PctIce2006WsRp100,% of watershed area classified as ice/snow land cover (NLCD 2006 class 12) within a 100-m buffer of NHD streams,,
PctHbWet2006Cat,% of catchment area classified as herbaceous wetland land cover (NLCD 2006 class 95),,
PctHbWet2006Ws,% of watershed area classified as herbaceous wetland land cover (NLCD 2006 class 95),,
PctHbWet2006CatRp100,% of catchment area classified as herbaceous wetland land cover (NLCD 2006 class 95) within a 100-m buffer of NHD streams,,
PctHbWet2006WsRp100,% of watershed area classified as herbaceous wetland land cover (NLCD 2006 class 95) within a 100-m buffer of NHD streams,,
PctWdWet2006Cat,% of catchment area classified as woody wetland land cover (NLCD 2006 class 90),,
PctWdWet2006Ws,% of watershed area classified as woody wetland land cover (NLCD 2006 class 90),,
PctWdWet2006CatRp100,% of catchment area classified as woody wetland land cover (NLCD 2006 class 90) within a 100-m buffer of NHD streams,,
PctWdWet2006WsRp100,% of watershed area classified as woody wetland land cover (NLCD 2006 class 90) within a 100-m buffer of NHD streams,,
PctShrb2006Cat,% of catchment area classified as shrub/scrub land cover (NLCD 2006 class 52),,
PctShrb2006Ws,% of watershed area classified as shrub/scrub land cover (NLCD 2006 class 52),,
PctShrb2006CatRp100,% of catchment area classified as shrub/scrub land cover (NLCD 2006 class 52) within a 100-m buffer of NHD streams,,
PctShrb2006WsRp100,% of watershed area classified as shrub/scrub land cover (NLCD 2006 class 52) within a 100-m buffer of NHD streams,,
PctGrs2006Cat,% of catchment area classified as grassland/herbaceous land cover (NLCD 2006 class 71),,
PctGrs2006Ws,% of watershed area classified as grassland/herbaceous land cover (NLCD 2006 class 71),,
PctGrs2006CatRp100,% of catchment area classified as grassland/herbaceous land cover (NLCD 2006 class 71) within a 100-m buffer of NHD streams,,
PctGrs2006WsRp100,% of watershed area classified as grassland/herbaceous land cover (NLCD 2006 class 71) within a 100-m buffer of NHD streams,,
PctAg2006Slp10Cat,% of catchment area classified as ag land cover (NLCD 2006 classes 81-82) occurring on slopes greater than or equal to 10%,,
PctAg2006Slp10Ws,% of watershed area classified as ag land cover (NLCD 2006 classes 81-82) occurring on slopes greater than or equal to 10%,,
PctAg2006Slp20Cat,% of catchment area classified as ag land cover (NLCD 2006 classes 81-82) occurring on slopes greater than or equal to 20%,,
PctAg2006Slp20Ws,% of watershed area classified as ag land cover (NLCD 2006 classes 81-82) occurring on slopes greater than or equal to 20%,,
PctImp2011Cat,Mean imperviousness of anthropogenic surfaces (NLCD 2011) within catchment ,,
PctImp2011Ws,Mean imperviousness of anthropogenic surfaces (NLCD 2011) within watershed,,
PctImp2011CatRp100,Mean imperviousness of anthropogenic surfaces (NLCD 2011) within catchment and within a 100-m buffer of NHD stream lines,,
PctImp2011WsRp100,Mean imperviousness of anthropogenic surfaces (NLCD 2011) within watershed and within a 100-m buffer of NHD stream lines,,
PctImp2006Cat,Mean imperviousness of anthropogenic surfaces (NLCD 2006) within catchment ,,
PctImp2006Ws,Mean imperviousness of anthropogenic surfaces (NLCD 2006) within watershed,,
PctImp2006CatRp100,Mean imperviousness of anthropogenic surfaces (NLCD 2006) within catchment and within a 100-m buffer of NHD stream lines,,
PctImp2006WsRp100,Mean imperviousness of anthropogenic surfaces (NLCD 2006) within watershed and within a 100-m buffer of NHD stream lines,,
PctImp2001Cat,Mean imperviousness of anthropogenic surfaces (NLCD 2001) within catchment ,,
PctImp2001Ws,Mean imperviousness of anthropogenic surfaces (NLCD 2001) within watershed,,
PctImp2001CatRp100,Mean imperviousness of anthropogenic surfaces (NLCD 2001) within catchment and within a 100-m buffer of NHD stream lines,,
PctImp2001WsRp100,Mean imperviousness of anthropogenic surfaces (NLCD 2001) within watershed and within a 100-m buffer of NHD stream lines,,
WtDepCat,Mean seasonal water table depth (cm) of soils (STATSGO) within catchment ,,
WtDepWs,Mean seasonal water table depth (cm) of soils (STATSGO) within watershed,,
OmCat,Mean organic matter content (% by weight) of soils (STATSGO) within catchment ,,
OmWs,Mean organic matter content (% by weight) of soils (STATSGO) within watershed,,
PermCat,Mean permeability (cm/hour) of soils (STATSGO) within catchment ,,
PermWs,Mean permeability (cm/hour) of soils (STATSGO) within watershed,,
RckDepCat,Mean depth (cm) to bedrock of soils (STATSGO) within catchment ,,
RckDepWs,Mean depth (cm) to bedrock of soils (STATSGO) within watershed,,
ClayCat,Mean % clay content of soils (STATSGO) within catchment ,,
ClayWs,Mean % clay content of soils (STATSGO) within watershed,,
SandCat,Mean % sand content of soils (STATSGO) within catchment ,,
SandWs,Mean % sand content of soils (STATSGO) within watershed,,
DamDensCat,Density of georeferenced dams within catchment (dams/ square km) based on the National Inventory of Dams (https://catalog.data.gov/dataset/national-inventory-of-dams),,
DamDensWs,Density of georeferenced dams within watershed (dams/ square km) based on the National Inventory of Dams (https://catalog.data.gov/dataset/national-inventory-of-dams),,
DamNrmStorCat,Normal (most common) volume of all reservoirs (NORM_STORA in NID) per unit area of catchment (cubic meters/square km) based on the National Inventory of Dams (https://catalog.data.gov/dataset/national-inventory-of-dams),,
DamNrmStorWs,Normal (most common) volume of all reservoirs (NORM_STORA in NID) per unit area of watershed (cubic meters/square km) based on the National Inventory of Dams (https://catalog.data.gov/dataset/national-inventory-of-dams),,
DamNIDStorCat,Total possible volume of all reservoirs (NID_STORA in NID) per unit area of catchment (cubic meters/square km) based on the National Inventory of Dams (https://catalog.data.gov/dataset/national-inventory-of-dams),,
DamNIDStorWs,Total possible volume of all reservoirs (NID_STORA in NID) per unit area of watershed (cubic meters/square km) based on the National Inventory of Dams (https://catalog.data.gov/dataset/national-inventory-of-dams),,
PopDen2010Cat,Mean population density (people/square km) within catchment,,
PopDen2010Ws,Mean population density (people/square km) within watershed,,
PopDen2010CatRp100,Mean population density (people/square km) within catchment and within a 100-m buffer of NHD stream lines,,
PopDen2010WsRp100,Mean population density (people/square km) within watershed and within a 100-m buffer of NHD stream lines,,
HUDen2010Cat,Mean housing unit density (housing units/square km) within catchment,,
HUDen2010Ws,Mean housing unit density (housing units/square km) within watershed,,
NPDESDensCat,Density of permitted NPDES (National Pollutant Discharge Elimination System) sites within catchment (sites/square km),,
NPDESDensWs,Density of permitted NPDES (National Pollutant Discharge Elimination System) sites within watershed (sites/square km),,
NPDESDensCatRp100,Density of permitted NPDES (National Pollutant Discharge Elimination System) sites within catchment and within a 100-m buffer of NHD stream lines (sites/square km),,
NPDESDensWsRp100,Density of permitted NPDES (National Pollutant Discharge Elimination System) sites within watershed and within 100-m buffer of NHD stream lines (sites/square km),,
TRIDensCat,Density of TRI (Toxic Release Inventory) sites within catchment (sites/square km),,
TRIDensWs,Density of TRI (Toxic Release Inventory) sites within watershed (sites/square km),,
TRIDensCatRp100,Density of TRI (Toxic Release Inventory) sites within 100-m buffer of NHD stream lines in the catchment (sites/square km),,
TRIDensWsRp100,Density of TRI (Toxic Release Inventory) sites within watershed and within a 100-m buffer of NHD stream lines (sites/square km),,
SuperfundDensCat,Density of Superfund sites within catchment (sites/square km),,
SuperfundDensWs,Density of Superfund sites within watershed (sites/square km),,
SuperfundDensCatRp100,Density of Superfund sites  within 100-m buffer of NHD stream lines within the catchment (sites/square km),,
SuperfundDensWsRp100,Density of Superfund sites within watershed and within a 100-m buffer of NHD stream lines (sites/square km),,
MineDensCat,Density of mine sites within catchment (mines/square km),,
MineDensWs,Density of mine sites within watershed (mines/square km),,
MineDensCatRp100,Density of mine sites within catchment and within 100-m buffer of NHD stream lines (mines/square km),,
MineDensWsRp100,Density of mine sites within watershed and within 100-m buffer of NHD stream lines (mines/square km),,
PctCarbResidCat,% of catchment area classified as lithology type: carbonate residual material,,
PctCarbResidWs,% of watershed area classified as lithology type: carbonate residual material,,
PctNonCarbResidCat,% of catchment area classified as lithology type: non-carbonate residual material,,
PctNonCarbResidWs,% of watershed area classified as lithology type: non-carbonate residual material,,
PctAlkIntruVolCat,% of catchment area classified as lithology type: alkaline intrusive volcanic rock,,
PctAlkIntruVolWs,% of watershed area classified as lithology type: alkaline intrusive volcanic rock,,
PctSilicicCat,% of catchment area classified as lithology type: silicic residual material,,
PctSilicicWs,% of watershed area classified as lithology type: silicic residual material,,
PctExtruVolCat,% of catchment area classified as lithology type: extrusive volcanic rock,,
PctExtruVolWs,% of watershed area classified as lithology type: extrusive volcanic rock,,
PctColluvSedCat,% of catchment area classified as lithology type: colluvial sediment,,
PctColluvSedWs,% of watershed area classified as lithology type: colluvial sediment,,
PctGlacTilClayCat,"% of catchment area classified as lithology type: glacial till, clayey",,
PctGlacTilClayWs,"% of watershed area classified as lithology type: glacial till, clayey",,
PctGlacTilLoamCat,"% of catchment area classified as lithology type: glacial till, loamy",,
PctGlacTilLoamWs,"% of watershed area classified as lithology type: glacial till, loamy",,
PctGlacTilCrsCat,"% of catchment area classified as lithology type: glacial till, coarse-textured",,
PctGlacTilCrsWs,"% of watershed area classified as lithology type: glacial till, coarse-textured",,
PctGlacLakeCrsCat,"% of catchment area classified as lithology type: glacial outwash and glacial lake sediment, coarse-textured",,
PctGlacLakeCrsWs,"% of watershed area classified as lithology type: glacial outwash and glacial lake sediment, coarse-textured",,
PctGlacLakeFineCat,"% of catchment area classified as lithology type: glacial lake sediment, fine-textured",,
PctGlacLakeFineWs,"% of watershed area classified as lithology type: glacial lake sediment, fine-textured",,
PctHydricCat,"% of catchment area classified as lithology type: hydric, peat and muck",,
PctHydricWs,"% of watershed area classified as lithology type: hydric, peat and muck",,
PctEolCrsCat,"% of catchment area classified as lithology type: eolian sediment, coarse-textured (sand dunes)",,
PctEolCrsWs,"% of watershed area classified as lithology type: eolian sediment, coarse-textured (sand dunes)",,
PctEolFineCat,"% of catchment area classified as lithology type: eolian sediment, fine-textured (glacial loess)",,
PctEolFineWs,"% of watershed area classified as lithology type: eolian sediment, fine-textured (glacial loess)",,
PctSalLakeCat,% of catchment area classified as lithology type: saline like sediment,,
PctSalLakeWs,% of watershed area classified as lithology type: saline like sediment,,
PctAlluvCoastCat,% of catchment area classified as lithology type: alluvium and fine-textured coastal zone sediment,,
PctAlluvCoastWs,% of watershed area classified as lithology type: alluvium and fine-textured coastal zone sediment,,
PctCoastCrsCat,"% of catchment area classified as lithology type: coastal zone sediment, coarse-textured",,
PctCoastCrsWs,"% of watershed area classified as lithology type: coastal zone sediment, coarse-textured",,
PctWaterCat,% of catchment area classified as lithology type: water,,
PctWaterWs,% of watershed area classified as lithology type: water,,
RdDensCat,Density of roads (2010 Census Tiger Lines) within catchment (km/square km),,
RdDensWs,Density of roads (2010 Census Tiger Lines) within watershed (km/square km),,
RdDensCatRp100,Density of roads (2010 Census Tiger Lines) within catchment and within a 100-m buffer of NHD stream lines (km/square km),,
RdDensWsRp100,Density of roads (2010 Census Tiger Lines) within watershed and within a 100-m buffer of NHD stream lines (km/square km),,
RdCrsCat,Density of roads-stream intersections (2010 Census Tiger Lines-NHD stream lines) within catchment (crossings/square km),,
RdCrsWs,Density of roads-stream intersections (2010 Census Tiger Lines-NHD stream lines) within watershed (crossings/square km),,
RdCrsSlpWtdCat,Density of roads-stream intersections (2010 Census Tiger Lines-NHD stream lines) multiplied by NHDPlusV21 slope within catchment (crossings*slope/square km),,
RdCrsSlpWtdWs,Density of roads-stream intersections (2010 Census Tiger Lines-NHD stream lines) multiplied by NHDPlusV21 slope within watershed (crossings*slope/square km),,
RunoffCat,Mean runoff (mm) within catchment,,
RunoffWs,Mean runoff (mm) within watershed,,
Pestic97Cat,Mean pesticide use (kg/km2) in yr. 1997 within catchment,,
Pestic97Ws,Mean pesticide use (kg/km2) in yr. 1997 within watershed,,
BFICat,"Baseflow is the component of streamflow that can be attributed to ground-water discharge into streams. The Baseflow Index (BFI) is the ratio of baseflow to total flow, expressed as a percentage, within catchment.",,
BFIWs,"Baseflow is the component of streamflow that can be attributed to ground-water discharge into streams. The Baseflow Index (BFI) is the ratio of baseflow to total flow, expressed as a percentage, within watershed.",,
NH4_2008Cat,"Annual gradient map of precipitation-weighted mean deposition for ammonium ion concentration wet deposition for 2008 in kg of NH4/ha/yr, within catchment",,
NH4_2008Ws,"Annual gradient map of precipitation-weighted mean deposition for ammonium ion concentration wet deposition for 2008 in kg of NH4/ha/yr, within watershed",,
NO3_2008Cat,"Annual gradient map of precipitation-weighted mean deposition for nitrate ion concentration wet deposition for 2008 in kg of NO3/ha/yr, within catchment",,
NO3_2008Ws,"Annual gradient map of precipitation-weighted mean deposition for nitrate ion concentration wet deposition for 2008 in kg of NO3/ha/yr, within watershed",,
InorgNWetDep_2008Cat,"Annual gradient map of precipitation-weighted mean deposition for inorganic nitrogen wet deposition from nitrate and ammonium for 2008 in kg of N/ha/yr, within catchment",,
InorgNWetDep_2008Ws,"Annual gradient map of precipitation-weighted mean deposition for inorganic nitrogen wet deposition from nitrate and ammonium for 2008 in kg of N/ha/yr, within watershed",,
SN_2008Cat,"Annual gradient map of precipitation-weighted mean deposition for average sulfur & nitrogen wet deposition for 2008 in kg of S+N/ha/yr, within catchment",,
SN_2008Ws,"Annual gradient map of precipitation-weighted mean deposition for average sulfur & nitrogen wet deposition for 2008 in kg of S+N/ha/yr, within watershed",,
KffactCat,"Mean soil erodibility (Kf) factor (unitless) of soils within catchment. The Kf factor is used in the Universal Soil Loss Equation (USLE) and represents a relative index of susceptibility of bare, cultivated soil to particle detachment and transport by rainfall.",,
KffactWs,"Mean soil erodibility (Kf) factor (unitless) of soils within watershed. The Kf factor is used in the Universal Soil Loss Equation (USLE) and represents a relative index of susceptibility of bare, cultivated soil to particle detachment and transport by rainfall.",,
AgKffactCat,"Mean soil erodibility (Kf) factor (unitless) of soils within catchment on agricultural land. The Kf factor is used in the Universal Soil Loss Equation (USLE) and represents a relative index of susceptibility of bare, cultivated soil to particle detachment and transport by rainfall.",,
AgKffactWs,"Mean soil erodibility (Kf) factor (unitless) of soils within watershed on agricultural land. The Kf factor is used in the Universal Soil Loss Equation (USLE) and represents a relative index of susceptibility of bare, cultivated soil to particle detachment and transport by rainfall.",,
Precip8110Cat,PRISM climate data - 30-year normal mean precipitation (mm): Annual period: 1981-2010 within the catchment,,
Precip8110Ws,PRISM climate data - 30-year normal mean precipitation (mm): Annual period: 1981-2010 within the watershed,,
Tmin8110Cat,PRISM climate data - 30-year normal minimum temperature (°C): Annual period: 1981-2010 within the catchment,,
Tmin8110Ws,PRISM climate data - 30-year normal minimum temperature (°C): Annual period: 1981-2010 within the watershed,,
Tmean8110Cat,PRISM climate data - 30-year normal mean temperature (°C): Annual period: 1981-2010 within the catchment,,
Tmean8110Ws,PRISM climate data - 30-year normal mean temperature (°C): Annual period: 1981-2010 within the watershed,,
Tmax8110Cat,PRISM climate data - 30-year normal maximum temperature (°C): Annual period: 1981-2010 within the catchment,,
Tmax8110Ws,PRISM climate data - 30-year normal maximum temperature (°C): Annual period: 1981-2010 within the watershed,,
NABD_DensCat,Density of georeferenced dams within catchment (dams/ square km) based on the National Anthropogenic Barrier Dataset (https://www.sciencebase.gov/catalog/item/56a7f9dce4b0b28f1184dabd),,
NABD_DensWs,Density of georeferenced dams within watershed (dams/ square km) based on the National Anthropogenic Barrier Dataset (https://www.sciencebase.gov/catalog/item/56a7f9dce4b0b28f1184dabd),,
NABD_NrmStorCat,Normal (most common) volume of all reservoirs (NORM_STORA in NID) per unit area of catchment (cubic meters/square km) based on the National Anthropogenic Barrier Dataset (https://www.sciencebase.gov/catalog/item/56a7f9dce4b0b28f1184dabd),,
NABD_NrmStorWs,Normal (most common) volume of all reservoirs (NORM_STORA in NID) per unit area of watershed (cubic meters/square km) based on the National Anthropogenic Barrier Dataset (https://www.sciencebase.gov/catalog/item/56a7f9dce4b0b28f1184dabd),,
NABD_NIDStorCat,Total possible volume of all reservoirs (NID_STORA in NID) per unit area of catchment (cubic meters/square km) based on the National Anthropogenic Barrier Dataset (https://www.sciencebase.gov/catalog/item/56a7f9dce4b0b28f1184dabd),,
NABD_NIDStorWs,Total possible volume of all reservoirs (NID_STORA in NID) per unit area of watershed (cubic meters/square km) based on the National Anthropogenic Barrier Dataset (https://www.sciencebase.gov/catalog/item/56a7f9dce4b0b28f1184dabd),,
PctUrbHi2011Cat,"% of catchment area classified as developed, high-intensity land use (NLCD 2011 class 24)",,
PctUrbHi2011Ws,"% of watershed area classified as developed, high-intensity land use (NLCD 2011 class 24)",,
PctUrbHi2011CatRp100,"% of catchment area classified as developed, high-intensity land use (NLCD 2011 class 24) within a 100-m buffer of NHD streams",,
PctUrbHi2011WsRp100,"% of watershed area classified as developed, high-intensity land use (NLCD 2011 class 24) within a 100-m buffer of NHD streams",,
PctUrbMd2011Cat,"% of catchment area classified as developed, medium-intensity land use (NLCD 2011 class 23)",,
PctUrbMd2011Ws,"% of watershed area classified as developed, medium-intensity land use (NLCD 2011 class 23)",,
PctUrbMd2011CatRp100,"% of catchment area classified as developed, medium-intensity land use (NLCD 2011 class 23) within a 100-m buffer of NHD streams",,
PctUrbMd2011WsRp100,"% of watershed area classified as developed, medium-intensity land use (NLCD 2011 class 23) within a 100-m buffer of NHD streams",,
PctUrbLo2011Cat,"% of catchment area classified as developed, low-intensity land use (NLCD 2011 class 22)",,
PctUrbLo2011Ws,"% of watershed area classified as developed, low-intensity land use (NLCD 2011 class 22)",,
PctUrbLo2011CatRp100,"% of catchment area classified as developed, low-intensity land use (NLCD 2011 class 22) within a 100-m buffer of NHD streams",,
PctUrbLo2011WsRp100,"% of watershed area classified as developed, low-intensity land use (NLCD 2011 class 22) within a 100-m buffer of NHD streams",,
PctUrbOp2011Cat,"% of catchment area classified as developed, open space land use (NLCD 2011 class 21)",,
PctUrbOp2011Ws,"% of watershed area classified as developed, open space land use (NLCD 2011 class 21)",,
PctUrbOp2011CatRp100,"% of catchment area classified as developed, open space land use (NLCD 2011 class 21) within a 100-m buffer of NHD streams",,
PctUrbOp2011WsRp100,"% of watershed area classified as developed, open space land use (NLCD 2011 class 21) within a 100-m buffer of NHD streams",,
PctCrop2011Cat,% of catchment area classified as crop land use (NLCD 2011 class 82),,
PctCrop2011Ws,% of watershed area classified as crop land use (NLCD 2011 class 82),,
PctCrop2011CatRp100,% of catchment area classified as crop land use (NLCD 2011 class 82) within a 100-m buffer of NHD streams,,
PctCrop2011WsRp100,% of watershed area classified as crop land use (NLCD 2011 class 82) within a 100-m buffer of NHD streams,,
PctHay2011Cat,% of catchment area classified as hay land use (NLCD 2011 class 81),,
PctHay2011Ws,% of watershed area classified as hay land use (NLCD 2011 class 81),,
PctHay2011CatRp100,% of catchment area classified as hay land use (NLCD 2011 class 81) within a 100-m buffer of NHD streams,,
PctHay2011WsRp100,% of watershed area classified as hay land use (NLCD 2011 class 81) within a 100-m buffer of NHD streams,,
PctDecid2011Cat,% of catchment area classified as deciduous forest land cover (NLCD 2011 class 41),,
PctDecid2011Ws,% of watershed area classified as deciduous forest land cover (NLCD 2011 class 41),,
PctDecid2011CatRp100,% of catchment area classified as deciduous forest land cover (NLCD 2011 class 41) within a 100-m buffer of NHD streams,,
PctDecid2011WsRp100,% of watershed area classified as deciduous forest land cover (NLCD 2011 class 41) within a 100-m buffer of NHD streams,,
PctConif2011Cat,% of catchment area classified as evergreen forest land cover (NLCD 2011 class 42),,
PctConif2011Ws,% of watershed area classified as evergreen forest land cover (NLCD 2011 class 42),,
PctConif2011CatRp100,% of catchment area classified as evergreen forest land cover (NLCD 2011 class 42) within a 100-m buffer of NHD streams,,
PctConif2011WsRp100,% of watershed area classified as evergreen forest land cover (NLCD 2011 class 42) within a 100-m buffer of NHD streams,,
PctMxFst2011Cat,% of catchment area classified as mixed deciduous/evergreen forest land cover (NLCD 2011 class 43),,
PctMxFst2011Ws,% of watershed area classified as mixed deciduous/evergreen forest land cover (NLCD 2011 class 43),,
PctMxFst2011CatRp100,% of catchment area classified as mixed deciduous/evergreen forest land cover (NLCD 2011 class 43) within a 100-m buffer of NHD streams,,
PctMxFst2011WsRp100,% of watershed area classified as mixed deciduous/evergreen forest land cover (NLCD 2011 class 43) within a 100-m buffer of NHD streams,,
PctBl2011Cat,% of catchment area classified as barren land cover (NLCD 2011 class 31),,
PctBl2011Ws,% of watershed area classified as barren land cover (NLCD 2011 class 31),,
PctBl2011CatRp100,% of catchment area classified as barren land cover (NLCD 2011 class 31) within a 100-m buffer of NHD streams,,
PctBl2011WsRp100,% of watershed area classified as barren land cover (NLCD 2011 class 31) within a 100-m buffer of NHD streams,,
PctOw2011Cat,% of catchment area classified as open water land cover (NLCD 2011 class 11),,
PctOw2011Ws,% of watershed area classified as open water land cover (NLCD 2011 class 11),,
PctOw2011CatRp100,% of catchment area classified as open water land cover (NLCD 2011 class 11) within a 100-m buffer of NHD streams,,
PctOw2011WsRp100,% of watershed area classified as open water land cover (NLCD 2011 class 11) within a 100-m buffer of NHD streams,,
PctIce2011Cat,% of catchment area classified as ice/snow land cover (NLCD 2011 class 12),,
PctIce2011Ws,% of watershed area classified as ice/snow land cover (NLCD 2011 class 12),,
PctIce2011CatRp100,% of catchment area classified as ice/snow land cover (NLCD 2011 class 12) within a 100-m buffer of NHD streams,,
PctIce2011WsRp100,% of watershed area classified as ice/snow land cover (NLCD 2011 class 12) within a 100-m buffer of NHD streams,,
PctHbWet2011Cat,% of catchment area classified as herbaceous wetland land cover (NLCD 2011 class 95),,
PctHbWet2011Ws,% of watershed area classified as herbaceous wetland land cover (NLCD 2011 class 95),,
PctHbWet2011CatRp100,% of catchment area classified as herbaceous wetland land cover (NLCD 2011 class 95) within a 100-m buffer of NHD streams,,
PctHbWet2011WsRp100,% of watershed area classified as herbaceous wetland land cover (NLCD 2011 class 95) within a 100-m buffer of NHD streams,,
PctWdWet2011Cat,% of catchment area classified as woody wetland land cover (NLCD 2011 class 90),,
PctWdWet2011Ws,% of watershed area classified as woody wetland land cover (NLCD 2011 class 90),,
PctWdWet2011CatRp100,% of catchment area classified as woody wetland land cover (NLCD 2011 class 90) within a 100-m buffer of NHD streams,,
PctWdWet2011WsRp100,% of watershed area classified as woody wetland land cover (NLCD 2011 class 90) within a 100-m buffer of NHD streams,,
PctShrb2011Cat,% of catchment area classified as shrub/scrub land cover (NLCD 2011 class 52),,
PctShrb2011Ws,% of watershed area classified as shrub/scrub land cover (NLCD 2011 class 52),,
PctShrb2011CatRp100,% of catchment area classified as shrub/scrub land cover (NLCD 2011 class 52) within a 100-m buffer of NHD streams,,
PctShrb2011WsRp100,% of watershed area classified as shrub/scrub land cover (NLCD 2011 class 52) within a 100-m buffer of NHD streams,,
PctGrs2011Cat,% of catchment area classified as grassland/herbaceous land cover (NLCD 2011 class 71),,
PctGrs2011Ws,% of watershed area classified as grassland/herbaceous land cover (NLCD 2011 class 71),,
PctGrs2011CatRp100,% of catchment area classified as grassland/herbaceous land cover (NLCD 2011 class 71) within a 100-m buffer of NHD streams,,
PctGrs2011WsRp100,% of watershed area classified as grassland/herbaceous land cover (NLCD 2011 class 71) within a 100-m buffer of NHD streams,,
Al2O3Cat,Mean % of lithological aluminum oxide (Al2O3) content in surface or near surface geology within catchment,,
Al2O3Ws,Mean % of lithological aluminum oxide (Al2O3) content in surface or near surface geology within watershed,,
CaOCat,Mean % of lithological calcium oxide (CaO) content in surface or near surface geology within catchment,,
CaOWs,Mean % of lithological calcium oxide (CaO) content in surface or near surface geology within watershed,,
Fe2O3Cat,Mean % of lithological ferric oxide (Fe2O3) content in surface or near surface geology within catchment,,
Fe2O3Ws,Mean % of lithological ferric oxide (Fe2O3) content in surface or near surface geology within watershed,,
K2OCat,Mean % of lithological potassium oxide (K2O) content in surface or near surface geology within catchment,,
K2OWs,Mean % of lithological potassium oxide (K2O) content in surface or near surface geology within watershed,,
MgOCat,Mean % of lithological magnesium oxide (MgO) content in surface or near surface geology within catchment,,
MgOWs,Mean % of lithological magnesium oxide (MgO) content in surface or near surface geology within watershed,,
Na2OCat,Mean % of lithological sodium oxide (Na2O) content in surface or near surface geology within catchment,,
Na2OWs,Mean % of lithological sodium oxide (Na2O) content in surface or near surface geology within watershed,,
P2O5Cat,Mean % of lithological phosphorous oxide (P2O5) content in surface or near surface geology within catchment,,
P2O5Ws,Mean % of lithological phosphorous oxide (P2O5) content in surface or near surface geology within watershed,,
SCat,Mean % of lithological sulfur (S) content in surface or near surface geology within catchment,,
SWs,Mean % of lithological sulfur (S) content in surface or near surface geology within watershed,,
SiO2Cat,Mean % of lithological silicon dioxide (SiO2) content in surface or near surface geology within catchment,,
SiO2Ws,Mean % of lithological silicon dioxide (SiO2) content in surface or near surface geology within watershed,,
NCat,Mean % of lithological nitrogen (N) content in surface or near surface geology within catchment,,
NWs,Mean % of lithological nitrogen (N) content in surface or near surface geology within watershed,,
HydrlCondCat,Mean lithological hydraulic conductivity (micrometers per second) content in surface or near surface geology within catchment,,
HydrlCondWs,Mean lithological hydraulic conductivity (micrometers per second) content in surface or near surface geology within watershed,,
CompStrgthCat,Mean lithological uniaxial compressive strength (megaPascals) content in surface or near surface geology within catchment,,
CompStrgthWs,Mean lithological uniaxial compressive strength (megaPascals) content in surface or near surface geology within watershed,,
CoalMineDensCat,Density of coal mines sites within catchment (mines/square km),,
CoalMineDensWs,Density of coal mines sites within watershed (mines/square km),,
FertCat,"Mean rate of synthetic nitrogen fertilizer application to agricultural land in kg N/ha/yr, within the catchment",,
FertWs,"Mean rate of synthetic nitrogen fertilizer application to agricultural land in kg N/ha/yr, within watershed",,
CBNFCat,"Mean rate of biological nitrogen fixation from the cultivation of crops in kg N/ha/yr, within catchment",,
CBNFWs,"Mean rate of biological nitrogen fixation from the cultivation of crops in kg N/ha/yr, within watershed",,
ManureCat,"Mean rate of manure application to agricultural land from confined animal feeding operations in kg N/ha/yr, within catchment",,
ManureWs,"Mean rate of manure application to agricultural land from confined animal feeding operations in kg N/ha/yr, within watershed",,
HUDen2010CatRp100,Mean housing unit density (housing units/square km) within catchment and within a 100-m buffer of NHD stream lines,,
HUDen2010WsRp100,Mean housing unit density (housing units/square km) within watershed and within a 100-m buffer of NHD stream lines,,
PctFire2000Cat,% Forest loss to fire (fire perimeter) for 2000 within catchment,,
PctFire2000Ws,% Forest loss to fire (fire perimeter) for 2000 within watershed,,
PctFire2001Cat,% Forest loss to fire (fire perimeter) for 2001 within catchment,,
PctFire2001Ws,% Forest loss to fire (fire perimeter) for 2001 within watershed,,
PctFire2002Cat,% Forest loss to fire (fire perimeter) for 2002 within catchment,,
PctFire2002Ws,% Forest loss to fire (fire perimeter) for 2002 within watershed,,
PctFire2003Cat,% Forest loss to fire (fire perimeter) for 2003 within catchment,,
PctFire2003Ws,% Forest loss to fire (fire perimeter) for 2003 within watershed,,
PctFire2004Cat,% Forest loss to fire (fire perimeter) for 2004 within catchment,,
PctFire2004Ws,% Forest loss to fire (fire perimeter) for 2004 within watershed,,
PctFire2005Cat,% Forest loss to fire (fire perimeter) for 2005 within catchment,,
PctFire2005Ws,% Forest loss to fire (fire perimeter) for 2005 within watershed,,
PctFire2006Cat,% Forest loss to fire (fire perimeter) for 2006 within catchment,,
PctFire2006Ws,% Forest loss to fire (fire perimeter) for 2006 within watershed,,
PctFire2007Cat,% Forest loss to fire (fire perimeter) for 2007 within catchment,,
PctFire2007Ws,% Forest loss to fire (fire perimeter) for 2007 within watershed,,
PctFire2008Cat,% Forest loss to fire (fire perimeter) for 2008 within catchment,,
PctFire2008Ws,% Forest loss to fire (fire perimeter) for 2008 within watershed,,
PctFire2009Cat,% Forest loss to fire (fire perimeter) for 2009 within catchment,,
PctFire2009Ws,% Forest loss to fire (fire perimeter) for 2009 within watershed,,
PctFire2010Cat,% Forest loss to fire (fire perimeter) for 2010 within catchment,,
PctFire2010Ws,% Forest loss to fire (fire perimeter) for 2010 within watershed,,
PctFire2000CatRp100,% Forest loss to fire (fire perimeter) for 2000 within catchment and within 100-m buffer of NHD stream lines,,
PctFire2000WsRp100,% Forest loss to fire (fire perimeter) for 2000 within watershed and within 100-m buffer of NHD stream lines,,
PctFire2001CatRp100,% Forest loss to fire (fire perimeter) for 2001 within catchment and within 100-m buffer of NHD stream lines,,
PctFire2001WsRp100,% Forest loss to fire (fire perimeter) for 2001 within watershed and within 100-m buffer of NHD stream lines,,
PctFire2002CatRp100,% Forest loss to fire (fire perimeter) for 2002 within catchment and within 100-m buffer of NHD stream lines,,
PctFire2002WsRp100,% Forest loss to fire (fire perimeter) for 2002 within watershed and within 100-m buffer of NHD stream lines,,
PctFire2003CatRp100,% Forest loss to fire (fire perimeter) for 2003 within catchment and within 100-m buffer of NHD stream lines,,
PctFire2003WsRp100,% Forest loss to fire (fire perimeter) for 2003 within watershed and within 100-m buffer of NHD stream lines,,
PctFire2004CatRp100,% Forest loss to fire (fire perimeter) for 2004 within catchment and within 100-m buffer of NHD stream lines,,
PctFire2004WsRp100,% Forest loss to fire (fire perimeter) for 2004 within watershed and within 100-m buffer of NHD stream lines,,
PctFire2005CatRp100,% Forest loss to fire (fire perimeter) for 2005 within catchment and within 100-m buffer of NHD stream lines,,
PctFire2005WsRp100,% Forest loss to fire (fire perimeter) for 2005 within watershed and within 100-m buffer of NHD stream lines,,
PctFire2006CatRp100,% Forest loss to fire (fire perimeter) for 2006 within catchment and within 100-m buffer of NHD stream lines,,
PctFire2006WsRp100,% Forest loss to fire (fire perimeter) for 2006 within watershed and within 100-m buffer of NHD stream lines,,
PctFire2007CatRp100,% Forest loss to fire (fire perimeter) for 2007 within catchment and within 100-m buffer of NHD stream lines,,
PctFire2007WsRp100,% Forest loss to fire (fire perimeter) for 2007 within watershed and within 100-m buffer of NHD stream lines,,
PctFire2008CatRp100,% Forest loss to fire (fire perimeter) for 2008 within catchment and within 100-m buffer of NHD stream lines,,
PctFire2008WsRp100,% Forest loss to fire (fire perimeter) for 2008 within watershed and within 100-m buffer of NHD stream lines,,
PctFire2009CatRp100,% Forest loss to fire (fire perimeter) for 2009 within catchment and within 100-m buffer of NHD stream lines,,
PctFire2009WsRp100,% Forest loss to fire (fire perimeter) for 2009 within watershed and within 100-m buffer of NHD stream lines,,
PctFire2010CatRp100,% Forest loss to fire (fire perimeter) for 2010 within catchment and within 100-m buffer of NHD stream lines,,
PctFire2010WsRp100,% Forest loss to fire (fire perimeter) for 2010 within watershed and within 100-m buffer of NHD stream lines,,
PctFrstLoss2000Cat,% Forest cover loss (Tree canopy cover change) for 2000 within catchment,,
PctFrstLoss2000Ws,% Forest cover loss (Tree canopy cover change) for 2000 within watershed,,
PctFrstLoss2001Cat,% Forest cover loss (Tree canopy cover change) for 2001 within catchment,,
PctFrstLoss2001Ws,% Forest cover loss (Tree canopy cover change) for 2001 within watershed,,
PctFrstLoss2002Cat,% Forest cover loss (Tree canopy cover change) for 2002 within catchment,,
PctFrstLoss2002Ws,% Forest cover loss (Tree canopy cover change) for 2002 within watershed,,
PctFrstLoss2003Cat,% Forest cover loss (Tree canopy cover change) for 2003 within catchment,,
PctFrstLoss2003Ws,% Forest cover loss (Tree canopy cover change) for 2003 within watershed,,
PctFrstLoss2004Cat,% Forest cover loss (Tree canopy cover change) for 2004 within catchment,,
PctFrstLoss2004Ws,% Forest cover loss (Tree canopy cover change) for 2004 within watershed,,
PctFrstLoss2005Cat,% Forest cover loss (Tree canopy cover change) for 2005 within catchment,,
PctFrstLoss2005Ws,% Forest cover loss (Tree canopy cover change) for 2005 within watershed,,
PctFrstLoss2006Cat,% Forest cover loss (Tree canopy cover change) for 2006 within catchment,,
PctFrstLoss2006Ws,% Forest cover loss (Tree canopy cover change) for 2006 within watershed,,
PctFrstLoss2007Cat,% Forest cover loss (Tree canopy cover change) for 2007 within catchment,,
PctFrstLoss2007Ws,% Forest cover loss (Tree canopy cover change) for 2007 within watershed,,
PctFrstLoss2008Cat,% Forest cover loss (Tree canopy cover change) for 2008 within catchment,,
PctFrstLoss2008Ws,% Forest cover loss (Tree canopy cover change) for 2008 within watershed,,
PctFrstLoss2009Cat,% Forest cover loss (Tree canopy cover change) for 2009 within catchment,,
PctFrstLoss2009Ws,% Forest cover loss (Tree canopy cover change) for 2009 within watershed,,
PctFrstLoss2010Cat,% Forest cover loss (Tree canopy cover change) for 2010 within catchment,,
PctFrstLoss2010Ws,% Forest cover loss (Tree canopy cover change) for 2010 within watershed,,
PctFrstLoss2011Cat,% Forest cover loss (Tree canopy cover change) for 2011 within catchment,,
PctFrstLoss2011Ws,% Forest cover loss (Tree canopy cover change) for 2011 within watershed,,
PctFrstLoss2012Cat,% Forest cover loss (Tree canopy cover change) for 2012 within catchment,,
PctFrstLoss2012Ws,% Forest cover loss (Tree canopy cover change) for 2012 within watershed,,
PctFrstLoss2013Cat,% Forest cover loss (Tree canopy cover change) for 2013 within catchment,,
PctFrstLoss2013Ws,% Forest cover loss (Tree canopy cover change) for 2013 within watershed,,
PctFrstLoss2000CatRp100,% Forest cover loss (Tree canopy cover change) for 2000 within catchment and within 100-m buffer of NHD stream lines,,
PctFrstLoss2000WsRp100,% Forest cover loss (Tree canopy cover change) for 2000 within watershed and within 100-m buffer of NHD stream lines,,
PctFrstLoss2001CatRp100,% Forest cover loss (Tree canopy cover change) for 2001 within catchment and within 100-m buffer of NHD stream lines,,
PctFrstLoss2001WsRp100,% Forest cover loss (Tree canopy cover change) for 2001 within watershed and within 100-m buffer of NHD stream lines,,
PctFrstLoss2002CatRp100,% Forest cover loss (Tree canopy cover change) for 2002 within catchment and within 100-m buffer of NHD stream lines,,
PctFrstLoss2002WsRp100,% Forest cover loss (Tree canopy cover change) for 2002 within watershed and within 100-m buffer of NHD stream lines,,
PctFrstLoss2003CatRp100,% Forest cover loss (Tree canopy cover change) for 2003 within catchment and within 100-m buffer of NHD stream lines,,
PctFrstLoss2003WsRp100,% Forest cover loss (Tree canopy cover change) for 2003 within watershed and within 100-m buffer of NHD stream lines,,
PctFrstLoss2004CatRp100,% Forest cover loss (Tree canopy cover change) for 2004 within catchment and within 100-m buffer of NHD stream lines,,
PctFrstLoss2004WsRp100,% Forest cover loss (Tree canopy cover change) for 2004 within watershed and within 100-m buffer of NHD stream lines,,
PctFrstLoss2005CatRp100,% Forest cover loss (Tree canopy cover change) for 2005 within catchment and within 100-m buffer of NHD stream lines,,
PctFrstLoss2005WsRp100,% Forest cover loss (Tree canopy cover change) for 2005 within watershed and within 100-m buffer of NHD stream lines,,
PctFrstLoss2006CatRp100,% Forest cover loss (Tree canopy cover change) for 2006 within catchment and within 100-m buffer of NHD stream lines,,
PctFrstLoss2006WsRp100,% Forest cover loss (Tree canopy cover change) for 2006 within watershed and within 100-m buffer of NHD stream lines,,
PctFrstLoss2007CatRp100,% Forest cover loss (Tree canopy cover change) for 2007 within catchment and within 100-m buffer of NHD stream lines,,
PctFrstLoss2007WsRp100,% Forest cover loss (Tree canopy cover change) for 2007 within watershed and within 100-m buffer of NHD stream lines,,
PctFrstLoss2008CatRp100,% Forest cover loss (Tree canopy cover change) for 2008 within catchment and within 100-m buffer of NHD stream lines,,
PctFrstLoss2008WsRp100,% Forest cover loss (Tree canopy cover change) for 2008 within watershed and within 100-m buffer of NHD stream lines,,
PctFrstLoss2009CatRp100,% Forest cover loss (Tree canopy cover change) for 2009 within catchment and within 100-m buffer of NHD stream lines,,
PctFrstLoss2009WsRp100,% Forest cover loss (Tree canopy cover change) for 2009 within watershed and within 100-m buffer of NHD stream lines,,
PctFrstLoss2010CatRp100,% Forest cover loss (Tree canopy cover change) for 2010 within catchment and within 100-m buffer of NHD stream lines,,
PctFrstLoss2010WsRp100,% Forest cover loss (Tree canopy cover change) for 2010 within watershed and within 100-m buffer of NHD stream lines,,
PctFrstLoss2011CatRp100,% Forest cover loss (Tree canopy cover change) for 2011 within catchment and within 100-m buffer of NHD stream lines,,
PctFrstLoss2011WsRp100,% Forest cover loss (Tree canopy cover change) for 2011 within watershed and within 100-m buffer of NHD stream lines,,
PctFrstLoss2012CatRp100,% Forest cover loss (Tree canopy cover change) for 2012 within catchment and within 100-m buffer of NHD stream lines,,
PctFrstLoss2012WsRp100,% Forest cover loss (Tree canopy cover change) for 2012 within watershed and within 100-m buffer of NHD stream lines,,
PctFrstLoss2013CatRp100,% Forest cover loss (Tree canopy cover change) for 2013 within catchment and within 100-m buffer of NHD stream lines,,
PctFrstLoss2013WsRp100,% Forest cover loss (Tree canopy cover change) for 2013 within watershed and within 100-m buffer of NHD stream lines,,
PctNonAgIntrodManagVegCat,"% Nonagriculture nonnative introduced or managed vegetation landcover type reclassed from LANDFIRE Existing Vegetation Type (EVT), within catchment",,
PctNonAgIntrodManagVegWs,"% Nonagriculture nonnative introduced or managed vegetation landcover type reclassed from LANDFIRE Existing Vegetation Type (EVT), within watershed",,
PctNonAgIntrodManagVegCatRp100,"% Nonagriculture nonnative introduced or managed vegetation landcover type reclassed from LANDFIRE Existing Vegetation Type (EVT), within catchment and within 100-m buffer of NHD stream lines",,
PctNonAgIntrodManagVegWsRp100,"% Nonagriculture nonnative introduced or managed vegetation landcover type reclassed from LANDFIRE Existing Vegetation Type (EVT), within catchment and within 100-m buffer of NHD stream lines",,
Precip08Cat,PRISM climate data - Mean precipitation (mm) within the catchment. Period: 2008 ,,
Precip08Ws,PRISM climate data - Mean precipitation (mm) within the watershed. Period: 2008 ,,
Precip09Cat,PRISM climate data - Mean precipitation (mm) within the catchment. Period: 2009,,
Precip09Ws,PRISM climate data - Mean precipitation (mm) within the watershed. Period: 2009,,
Tmean08Cat,PRISM climate data - Mean temperature (°C) within the catchment. Period: 2008 ,,
Tmean08Ws,PRISM climate data - Mean temperature (°C) within the watershed. Period: 2008 ,,
Tmean09Cat,PRISM climate data - Mean temperature (°C) within the catchment. Period: 2009,,
Tmean09Ws,PRISM climate data - Mean temperature (°C) within the watershed. Period: 2009,,
WetIndexCat,Mean Composite Topographic Index (CTI) [Wetness Index] within catchment,,
WetIndexWs,Mean Composite Topographic Index (CTI) [Wetness Index] within watershed,,
MSST_2008,Predicted mean summer stream temperature (July-Aug) for year 2008,,
MSST_2009,Predicted mean summer stream temperature (July-Aug) for year 2009,,
MSST_2013,Predicted mean summer stream temperature (July-Aug) for year 2013,,
MSST_2014,Predicted mean summer stream temperature (July-Aug) for year 2014,,
MWST_2008,Predicted mean winter stream temperature (Jan-Feb) for year 2008,,
MWST_2009,Predicted mean winter stream temperature (Jan-Feb) for year 2009,,
MWST_2013,Predicted mean winter stream temperature (Jan-Feb) for year 2013,,
MWST_2014,Predicted mean winter stream temperature (Jan-Feb) for year 2014,,
MAST_2008,Predicted mean annual stream temperature (Jan-Dec) for year 2008,,
MAST_2009,Predicted mean annual stream temperature (Jan-Dec) for year 2009,,
MAST_2013,Predicted mean annual stream temperature (Jan-Dec) for year 2013,,
MAST_2014,Predicted mean annual stream temperature (Jan-Dec) for year 2014,,
NRSA_Frame,Flag indicating whether NHDPlusV2 stream segment was included as part of 2008/2009 National Rivers and Streams Assessment (NRSA) sampling frame,,
NARS_Region,National Aquatic Resource Surveys (NARS) reporting region. CPL = Coastal Plains; NAP = Northern Appalachia; NLP = Northern Plains; SAP = Southern Appalachia; SPL = Southern Plains; TPL = Temperate Plains; UMW = Upper Midwest; WMT = Western Mountains; XER = Xeric,,
prG_BMMI,Predicted probability that a stream segment is in good biologial condition based on a random forest model of the NRSA benthic invertebrate multimetric index (BMMI),,
PctUrbHi2001Cat,"% of catchment area classified as developed, high-intensity land use (NLCD 2001 class 24)",,
PctUrbHi2001Ws,"% of watershed area classified as developed, high-intensity land use (NLCD 2001 class 24)",,
PctUrbHi2001CatRp100,"% of catchment area classified as developed, high-intensity land use (NLCD 2001 class 24) within a 100-m buffer of NHD streams",,
PctUrbHi2001WsRp100,"% of watershed area classified as developed, high-intensity land use (NLCD 2001 class 24) within a 100-m buffer of NHD streams",,
PctUrbMd2001Cat,"% of catchment area classified as developed, medium-intensity land use (NLCD 2001 class 23)",,
PctUrbMd2001Ws,"% of watershed area classified as developed, medium-intensity land use (NLCD 2001 class 23)",,
PctUrbMd2001CatRp100,"% of catchment area classified as developed, medium-intensity land use (NLCD 2001 class 23) within a 100-m buffer of NHD streams",,
PctUrbMd2001WsRp100,"% of watershed area classified as developed, medium-intensity land use (NLCD 2001 class 23) within a 100-m buffer of NHD streams",,
PctUrbLo2001Cat,"% of catchment area classified as developed, low-intensity land use (NLCD 2001 class 22)",,
PctUrbLo2001Ws,"% of watershed area classified as developed, low-intensity land use (NLCD 2001 class 22)",,
PctUrbLo2001CatRp100,"% of catchment area classified as developed, low-intensity land use (NLCD 2001 class 22) within a 100-m buffer of NHD streams",,
PctUrbLo2001WsRp100,"% of watershed area classified as developed, low-intensity land use (NLCD 2001 class 22) within a 100-m buffer of NHD streams",,
PctUrbOp2001Cat,"% of catchment area classified as developed, open space land use (NLCD 2001 class 21)",,
PctUrbOp2001Ws,"% of watershed area classified as developed, open space land use (NLCD 2001 class 21)",,
PctUrbOp2001CatRp100,"% of catchment area classified as developed, open space land use (NLCD 2001 class 21) within a 100-m buffer of NHD streams",,
PctUrbOp2001WsRp100,"% of watershed area classified as developed, open space land use (NLCD 2001 class 21) within a 100-m buffer of NHD streams",,
PctCrop2001Cat,% of catchment area classified as crop land use (NLCD 2001 class 82),,
PctCrop2001Ws,% of watershed area classified as crop land use (NLCD 2001 class 82),,
PctCrop2001CatRp100,% of catchment area classified as crop land use (NLCD 2001 class 82) within a 100-m buffer of NHD streams,,
PctCrop2001WsRp100,% of watershed area classified as crop land use (NLCD 2001 class 82) within a 100-m buffer of NHD streams,,
PctHay2001Cat,% of catchment area classified as hay land use (NLCD 2001 class 81),,
PctHay2001Ws,% of watershed area classified as hay land use (NLCD 2001 class 81),,
PctHay2001CatRp100,% of catchment area classified as hay land use (NLCD 2001 class 81) within a 100-m buffer of NHD streams,,
PctHay2001WsRp100,% of watershed area classified as hay land use (NLCD 2001 class 81) within a 100-m buffer of NHD streams,,
PctDecid2001Cat,% of catchment area classified as deciduous forest land cover (NLCD 2001 class 41),,
PctDecid2001Ws,% of watershed area classified as deciduous forest land cover (NLCD 2001 class 41),,
PctDecid2001CatRp100,% of catchment area classified as deciduous forest land cover (NLCD 2001 class 41) within a 100-m buffer of NHD streams,,
PctDecid2001WsRp100,% of watershed area classified as deciduous forest land cover (NLCD 2001 class 41) within a 100-m buffer of NHD streams,,
PctConif2001Cat,% of catchment area classified as evergreen forest land cover (NLCD 2001 class 42),,
PctConif2001Ws,% of watershed area classified as evergreen forest land cover (NLCD 2001 class 42),,
PctConif2001CatRp100,% of catchment area classified as evergreen forest land cover (NLCD 2001 class 42) within a 100-m buffer of NHD streams,,
PctConif2001WsRp100,% of watershed area classified as evergreen forest land cover (NLCD 2001 class 42) within a 100-m buffer of NHD streams,,
PctMxFst2001Cat,% of catchment area classified as mixed deciduous/evergreen forest land cover (NLCD 2001 class 43),,
PctMxFst2001Ws,% of watershed area classified as mixed deciduous/evergreen forest land cover (NLCD 2001 class 43),,
PctMxFst2001CatRp100,% of catchment area classified as mixed deciduous/evergreen forest land cover (NLCD 2001 class 43) within a 100-m buffer of NHD streams,,
PctMxFst2001WsRp100,% of watershed area classified as mixed deciduous/evergreen forest land cover (NLCD 2001 class 43) within a 100-m buffer of NHD streams,,
PctBl2001Cat,% of catchment area classified as barren land cover (NLCD 2001 class 31),,
PctBl2001Ws,% of watershed area classified as barren land cover (NLCD 2001 class 31),,
PctBl2001CatRp100,% of catchment area classified as barren land cover (NLCD 2001 class 31) within a 100-m buffer of NHD streams,,
PctBl2001WsRp100,% of watershed area classified as barren land cover (NLCD 2001 class 31) within a 100-m buffer of NHD streams,,
PctOw2001Cat,% of catchment area classified as open water land cover (NLCD 2001 class 11),,
PctOw2001Ws,% of watershed area classified as open water land cover (NLCD 2001 class 11),,
PctOw2001CatRp100,% of catchment area classified as open water land cover (NLCD 2001 class 11) within a 100-m buffer of NHD streams,,
PctOw2001WsRp100,% of watershed area classified as open water land cover (NLCD 2001 class 11) within a 100-m buffer of NHD streams,,
PctIce2001Cat,% of catchment area classified as ice/snow land cover (NLCD 2001 class 12),,
PctIce2001Ws,% of watershed area classified as ice/snow land cover (NLCD 2001 class 12),,
PctIce2001CatRp100,% of catchment area classified as ice/snow land cover (NLCD 2001 class 12) within a 100-m buffer of NHD streams,,
PctIce2001WsRp100,% of watershed area classified as ice/snow land cover (NLCD 2001 class 12) within a 100-m buffer of NHD streams,,
PctHbWet2001Cat,% of catchment area classified as herbaceous wetland land cover (NLCD 2001 class 95),,
PctHbWet2001Ws,% of watershed area classified as herbaceous wetland land cover (NLCD 2001 class 95),,
PctHbWet2001CatRp100,% of catchment area classified as herbaceous wetland land cover (NLCD 2001 class 95) within a 100-m buffer of NHD streams,,
PctHbWet2001WsRp100,% of watershed area classified as herbaceous wetland land cover (NLCD 2001 class 95) within a 100-m buffer of NHD streams,,
PctWdWet2001Cat,% of catchment area classified as woody wetland land cover (NLCD 2001 class 90),,
PctWdWet2001Ws,% of watershed area classified as woody wetland land cover (NLCD 2001 class 90),,
PctWdWet2001CatRp100,% of catchment area classified as woody wetland land cover (NLCD 2001 class 90) within a 100-m buffer of NHD streams,,
PctWdWet2001WsRp100,% of watershed area classified as woody wetland land cover (NLCD 2001 class 90) within a 100-m buffer of NHD streams,,
PctShrb2001Cat,% of catchment area classified as shrub/scrub land cover (NLCD 2001 class 52),,
PctShrb2001Ws,% of watershed area classified as shrub/scrub land cover (NLCD 2001 class 52),,
PctShrb2001CatRp100,% of catchment area classified as shrub/scrub land cover (NLCD 2001 class 52) within a 100-m buffer of NHD streams,,
PctShrb2001WsRp100,% of watershed area classified as shrub/scrub land cover (NLCD 2001 class 52) within a 100-m buffer of NHD streams,,
PctGrs2001Cat,% of catchment area classified as grassland/herbaceous land cover (NLCD 2001 class 71),,
PctGrs2001Ws,% of watershed area classified as grassland/herbaceous land cover (NLCD 2001 class 71),,
PctGrs2001CatRp100,% of catchment area classified as grassland/herbaceous land cover (NLCD 2001 class 71) within a 100-m buffer of NHD streams,,
PctGrs2001WsRp100,% of watershed area classified as grassland/herbaceous land cover (NLCD 2001 class 71) within a 100-m buffer of NHD streams,,
CHYD,Hydrologic regulation component score calculated using catchment metrics,,
CCHEM,Regulation of water chemistry component score calculated using catchment metrics,,
CSED,Sediment regulation component score calculated using catchment metrics,,
CCONN,Hydrologic connectivity component score calculated using catchment metrics,,
CTEMP,Temperature regulation component score calculated using catchment metrics,,
CHABT,Habitat provision component score calculated using catchment metrics,,
ICI,Index of catchment integrity,,
WHYD,Hydrologic regulation component score calculated using watershed metrics,,
WCHEM,Regulation of water chemistry component score calculated using watershed metrics,,
WSED,Sediment regulation component score calculated using watershed metrics,,
WCONN,Hydrologic connectivity component score calculated using watershed metrics,,
WTEMP,Temperature regulation component score calculated using watershed metrics,,
WHABT,Habitat provision component score calculated using watershed metrics,,
IWI,Index of watershed integrity,,
CCHEM (v2.1),Revised index of regulation of water chemistry component score calculated using catchment metrics (version 2.1) based on Johnson et al. 2018 STOTEN,,
ICI (v2.1),Revised ndex of catchment integrity (version 2.1) based on Johnson et al. 2018 STOTEN,,
WCHEM (v2.1),Revised index of regulation of water chemistry component score calculated using watershed metrics (version 2.1) based on Johnson et al. 2018 STOTEN,,
IWI (v2.1),Revised ndex of watershed integrity (version 2.1) based on Johnson et al. 2018 STOTEN,,
PctUrbHi2016Cat,"% of catchment area classified as developed, high-intensity land use (NLCD 2016 class 24)",,
PctUrbHi2016Ws,"% of watershed area classified as developed, high-intensity land use (NLCD 2016 class 24)",,
PctUrbHi2016CatRp100,"% of catchment area classified as developed, high-intensity land use (NLCD 2016 class 24) within a 100-m buffer of NHD streams",,
PctUrbHi2016WsRp100,"% of watershed area classified as developed, high-intensity land use (NLCD 2016 class 24) within a 100-m buffer of NHD streams",,
PctUrbMd2016Cat,"% of catchment area classified as developed, medium-intensity land use (NLCD 2016 class 23)",,
PctUrbMd2016Ws,"% of watershed area classified as developed, medium-intensity land use (NLCD 2016 class 23)",,
PctUrbMd2016CatRp100,"% of catchment area classified as developed, medium-intensity land use (NLCD 2016 class 23) within a 100-m buffer of NHD streams",,
PctUrbMd2016WsRp100,"% of watershed area classified as developed, medium-intensity land use (NLCD 2016 class 23) within a 100-m buffer of NHD streams",,
PctUrbLo2016Cat,"% of catchment area classified as developed, low-intensity land use (NLCD 2016 class 22)",,
PctUrbLo2016Ws,"% of watershed area classified as developed, low-intensity land use (NLCD 2016 class 22)",,
PctUrbLo2016CatRp100,"% of catchment area classified as developed, low-intensity land use (NLCD 2016 class 22) within a 100-m buffer of NHD streams",,
PctUrbLo2016WsRp100,"% of watershed area classified as developed, low-intensity land use (NLCD 2016 class 22) within a 100-m buffer of NHD streams",,
PctUrbOp2016Cat,"% of catchment area classified as developed, open space land use (NLCD 2016 class 21)",,
PctUrbOp2016Ws,"% of watershed area classified as developed, open space land use (NLCD 2016 class 21)",,
PctUrbOp2016CatRp100,"% of catchment area classified as developed, open space land use (NLCD 2016 class 21) within a 100-m buffer of NHD streams",,
PctUrbOp2016WsRp100,"% of watershed area classified as developed, open space land use (NLCD 2016 class 21) within a 100-m buffer of NHD streams",,
PctCrop2016Cat,% of catchment area classified as crop land use (NLCD 2016 class 82),,
PctCrop2016Ws,% of watershed area classified as crop land use (NLCD 2016 class 82),,
PctCrop2016CatRp100,% of catchment area classified as crop land use (NLCD 2016 class 82) within a 100-m buffer of NHD streams,,
PctCrop2016WsRp100,% of watershed area classified as crop land use (NLCD 2016 class 82) within a 100-m buffer of NHD streams,,
PctHay2016Cat,% of catchment area classified as hay land use (NLCD 2016 class 81),,
PctHay2016Ws,% of watershed area classified as hay land use (NLCD 2016 class 81),,
PctHay2016CatRp100,% of catchment area classified as hay land use (NLCD 2016 class 81) within a 100-m buffer of NHD streams,,
PctHay2016WsRp100,% of watershed area classified as hay land use (NLCD 2016 class 81) within a 100-m buffer of NHD streams,,
PctDecid2016Cat,% of catchment area classified as deciduous forest land cover (NLCD 2016 class 41),,
PctDecid2016Ws,% of watershed area classified as deciduous forest land cover (NLCD 2016 class 41),,
PctDecid2016CatRp100,% of catchment area classified as deciduous forest land cover (NLCD 2016 class 41) within a 100-m buffer of NHD streams,,
PctDecid2016WsRp100,% of watershed area classified as deciduous forest land cover (NLCD 2016 class 41) within a 100-m buffer of NHD streams,,
PctConif2016Cat,% of catchment area classified as evergreen forest land cover (NLCD 2016 class 42),,
PctConif2016Ws,% of watershed area classified as evergreen forest land cover (NLCD 2016 class 42),,
PctConif2016CatRp100,% of catchment area classified as evergreen forest land cover (NLCD 2016 class 42) within a 100-m buffer of NHD streams,,
PctConif2016WsRp100,% of watershed area classified as evergreen forest land cover (NLCD 2016 class 42) within a 100-m buffer of NHD streams,,
PctMxFst2016Cat,% of catchment area classified as mixed deciduous/evergreen forest land cover (NLCD 2016 class 43),,
PctMxFst2016Ws,% of watershed area classified as mixed deciduous/evergreen forest land cover (NLCD 2016 class 43),,
PctMxFst2016CatRp100,% of catchment area classified as mixed deciduous/evergreen forest land cover (NLCD 2016 class 43) within a 100-m buffer of NHD streams,,
PctMxFst2016WsRp100,% of watershed area classified as mixed deciduous/evergreen forest land cover (NLCD 2016 class 43) within a 100-m buffer of NHD streams,,
PctBl2016Cat,% of catchment area classified as barren land cover (NLCD 2016 class 31),,
PctBl2016Ws,% of watershed area classified as barren land cover (NLCD 2016 class 31),,
PctBl2016CatRp100,% of catchment area classified as barren land cover (NLCD 2016 class 31) within a 100-m buffer of NHD streams,,
PctBl2016WsRp100,% of watershed area classified as barren land cover (NLCD 2016 class 31) within a 100-m buffer of NHD streams,,
PctOw2016Cat,% of catchment area classified as open water land cover (NLCD 2016 class 11),,
PctOw2016Ws,% of watershed area classified as open water land cover (NLCD 2016 class 11),,
PctOw2016CatRp100,% of catchment area classified as open water land cover (NLCD 2016 class 11) within a 100-m buffer of NHD streams,,
PctOw2016WsRp100,% of watershed area classified as open water land cover (NLCD 2016 class 11) within a 100-m buffer of NHD streams,,
PctIce2016Cat,% of catchment area classified as ice/snow land cover (NLCD 2016 class 12),,
PctIce2016Ws,% of watershed area classified as ice/snow land cover (NLCD 2016 class 12),,
PctIce2016CatRp100,% of catchment area classified as ice/snow land cover (NLCD 2016 class 12) within a 100-m buffer of NHD streams,,
PctIce2016WsRp100,% of watershed area classified as ice/snow land cover (NLCD 2016 class 12) within a 100-m buffer of NHD streams,,
PctHbWet2016Cat,% of catchment area classified as herbaceous wetland land cover (NLCD 2016 class 95),,
PctHbWet2016Ws,% of watershed area classified as herbaceous wetland land cover (NLCD 2016 class 95),,
PctHbWet2016CatRp100,% of catchment area classified as herbaceous wetland land cover (NLCD 2016 class 95) within a 100-m buffer of NHD streams,,
PctHbWet2016WsRp100,% of watershed area classified as herbaceous wetland land cover (NLCD 2016 class 95) within a 100-m buffer of NHD streams,,
PctWdWet2016Cat,% of catchment area classified as woody wetland land cover (NLCD 2016 class 90),,
PctWdWet2016Ws,% of watershed area classified as woody wetland land cover (NLCD 2016 class 90),,
PctWdWet2016CatRp100,% of catchment area classified as woody wetland land cover (NLCD 2016 class 90) within a 100-m buffer of NHD streams,,
PctWdWet2016WsRp100,% of watershed area classified as woody wetland land cover (NLCD 2016 class 90) within a 100-m buffer of NHD streams,,
PctShrb2016Cat,% of catchment area classified as shrub/scrub land cover (NLCD 2016 class 52),,
PctShrb2016Ws,% of watershed area classified as shrub/scrub land cover (NLCD 2016 class 52),,
PctShrb2016CatRp100,% of catchment area classified as shrub/scrub land cover (NLCD 2016 class 52) within a 100-m buffer of NHD streams,,
PctShrb2016WsRp100,% of watershed area classified as shrub/scrub land cover (NLCD 2016 class 52) within a 100-m buffer of NHD streams,,
PctGrs2016Cat,% of catchment area classified as grassland/herbaceous land cover (NLCD 2016 class 71),,
PctGrs2016Ws,% of watershed area classified as grassland/herbaceous land cover (NLCD 2016 class 71),,
PctGrs2016CatRp100,% of catchment area classified as grassland/herbaceous land cover (NLCD 2016 class 71) within a 100-m buffer of NHD streams,,
PctGrs2016WsRp100,% of watershed area classified as grassland/herbaceous land cover (NLCD 2016 class 71) within a 100-m buffer of NHD streams,,